LayerID, Total Cycles, Stall Cycles, Overall Util %, Mapping Efficiency %, Compute Util %,
0, 81639, 0, 33.18884356741263, 79.89808917197452, 33.188437040666344,
1, 197229, 0, 4.4172003102991955, 5.0, 4.41717791411043,
2, 963979, 0, 89.9440008547904, 95.87770700636943, 89.94390754994916,
3, 112097, 0, 57.294378975351705, 91.31210191082802, 57.293867865617585,
4, 112097, 0, 57.294378975351705, 91.31210191082802, 57.293867865617585,
5, 1737399, 0, 92.80719972786908, 95.86849315068494, 92.80714631057903,
6, 182433, 0, 70.40971754013802, 91.31210191082802, 70.4093315938915,
7, 182433, 0, 70.40971754013802, 91.31210191082802, 70.4093315938915,
8, 47599, 0, 4.74362906783756, 4.9, 4.743529411764706,
9, 152879, 0, 84.02106240883313, 96.49230769230769, 84.02051282051282,
10, 796279, 0, 93.8869315905606, 95.43529411764706, 93.88681368362887,
11, 152879, 0, 84.02106240883313, 96.49230769230769, 84.02051282051282,
12, 152879, 0, 84.02106240883313, 96.49230769230769, 84.02051282051282,
13, 86319, 0, 74.40456909834451, 96.49230769230769, 74.40370713623726,
14, 1035163, 0, 96.29426090383834, 97.88235294117646, 96.294167880645,
15, 152879, 0, 84.02106240883313, 96.49230769230769, 84.02051282051282,
16, 1035163, 0, 96.29426090383834, 97.88235294117646, 96.294167880645,
17, 152879, 0, 84.02106240883313, 96.49230769230769, 84.02051282051282,
18, 152879, 0, 84.02106240883313, 96.49230769230769, 84.02051282051282,
19, 1035163, 0, 96.29426090383834, 97.88235294117646, 96.294167880645,
20, 152879, 0, 84.02106240883313, 96.49230769230769, 84.02051282051282,
21, 234199, 0, 92.55390501240399, 94.08, 92.5535098206661,
22, 76439, 0, 84.02161200434334, 96.49230769230769, 84.02051282051282,
23, 185839, 0, 85.69378870958195, 86.4, 85.69332759362894,
24, 185839, 0, 85.69378870958195, 86.4, 85.69332759362894,
25, 142999, 0, 89.82619458877335, 96.49230769230769, 89.82556643356642,
26, 148671, 0, 71.411586657788, 72.0, 71.4111063280241,
27, 148671, 0, 71.411586657788, 72.0, 71.4111063280241,
28, 148671, 0, 71.411586657788, 72.0, 71.4111063280241,
29, 142999, 0, 89.82619458877335, 96.49230769230769, 89.82556643356642,
30, 139379, 0, 77.75931811822441, 78.4, 77.75876022384848,
31, 9253, 0, 2.2410029179725495, 2.25, 2.240760752107197,
